<?xml version="1.0" encoding="UTF-8"?>
<!DOCTYPE hibernate-configuration PUBLIC
	"-//Hibernate/Hibernate Configuration DTD 3.0//EN"
	"http://hibernate.sourceforge.net/hibernate-configuration-3.0.dtd">
<hibernate-configuration>
	<session-factory>
		<property name="hibernate.connection.driver_class">com.mysql.cj.jdbc.Driver</property>
		<property name="hibernate.connection.url">jdbc:mysql://localhost:3306/19thor.v09</property>
		<property name="hibernate.connection.username">root</property>
		<property name="hibernate.connection.password">xworkz</property>
		<property name="show_sql">true</property>
		<property name="format_sql">true</property>
		<property name="hibernate.id.new_generator_mappings">false</property>	
		<mapping  class="com.rak.rakapp.DTO.XworkzDTO"/>		
	</session-factory>
</hibernate-configuration>

